Dates,Mean
2019-01-01,286.0797222
2019-01-02,336.0480556
2019-01-03,349.6891667
2019-01-04,252.3044444
2019-01-05,260.048
2019-01-06,169.7957143
2019-01-07,183.5402857
2019-01-08,156.8916667
2019-01-09,143.3225
2019-01-10,173.8227778
2019-01-11,287.5947222
2019-01-12,311.2352778
2019-01-13,265.0664706
2019-01-14,92.61914286
2019-01-15,143.7428571
2019-01-16,279.0188889
2019-01-17,358.1471429
2019-01-18,240.6447222
2019-01-19,265.4041667
2019-01-20,305.2736111
2019-01-21,161.2544444
2019-01-22,54.27861111
2019-01-23,144.4611111
2019-01-24,124.6008333
2019-01-25,84.03457143
2019-01-26,103.4882857
2019-01-27,135.2019444
2019-01-28,124.1063889
2019-01-29,146.355
2019-01-30,211.6455556
2019-01-31,197.8461111
2019-02-01,181.6186111
2019-02-02,178.1244444
2019-02-03,131.4828571
2019-02-04,151.6874286
2019-02-05,259.4151429
2019-02-06,173.2971429
2019-02-07,62.97333333
2019-02-08,74.21638889
2019-02-09,87.05333333
2019-02-10,145.645
2019-02-11,175.1813889
2019-02-12,219.6269444
2019-02-13,199.3263889
2019-02-14,150.0994444
2019-02-15,127.2705556
2019-02-16,111.9677778
2019-02-17,99.85944444
2019-02-18,103.6970968
2019-02-19,134.6180556
2019-02-20,96.13888889
2019-02-21,77.44055556
2019-02-22,71.78694444
2019-02-23,57.84361111
2019-02-24,91.78611111
2019-02-25,88.95111111
2019-02-26,60.93916667
2019-02-27,54.87305556
2019-02-28,98.78805556
2019-03-01,96.78555556
2019-03-02,108.2477778
2019-03-03,65.85457143
2019-03-04,103.1141667
2019-03-05,70.83055556
2019-03-06,84.81416667
2019-03-07,105.4319444
2019-03-08,92.975
2019-03-09,73.39666667
2019-03-10,77.76444444
2019-03-11,80.84805556
2019-03-12,56.93777778
2019-03-13,93.86888889
2019-03-14,108.6791667
2019-03-15,75.39444444
2019-03-16,70.88305556
2019-03-17,94.78166667
2019-03-18,101.5344444
2019-03-19,105.0511111
2019-03-20,93.49333333
2019-03-21,112.2388571
2019-03-22,39.41194444
2019-03-23,55.48194444
2019-03-24,53.85638889
2019-03-25,66.90916667
2019-03-26,77.57194444
2019-03-27,80.16914286
2019-03-28,118.782
2019-03-29,111.9030556
2019-03-30,102.3305556
2019-03-31,58.04828571
2019-04-01,60.19111111
2019-04-02,91.72171429
2019-04-03,86.25888889
2019-04-04,118.6491667
2019-04-05,125.7866667
2019-04-06,99.19388889
2019-04-07,150.2533333
2019-04-08,80.60805556
2019-04-09,91.30361111
2019-04-10,97.75611111
2019-04-11,71.51305556
2019-04-12,61.88694444
2019-04-13,55.11194444
2019-04-14,52.5975
2019-04-15,57.50694444
2019-04-16,56.17722222
2019-04-17,23.70111111
2019-04-18,41.70888889
2019-04-19,73.22555556
2019-04-20,90.28083333
2019-04-21,96.50333333
2019-04-22,111.2320588
2019-04-23,102.2038235
2019-04-24,86.52857143
2019-04-25,83.84514286
2019-04-26,84.30514286
2019-04-27,72.96257143
2019-04-28,76.234375
2019-04-29,82.88147059
2019-04-30,94.47176471
2019-05-01,111.8770588
2019-05-02,73.78714286
2019-05-03,52.37285714
2019-05-04,88.918
2019-05-05,81.88685714
2019-05-06,120.0808571
2019-05-07,128.1766667
2019-05-08,144.2222222
2019-05-09,137.3077778
2019-05-10,90.15722222
2019-05-11,105.0434286
2019-05-12,173.1168571
2019-05-13,162.8594286
2019-05-14,61.70971429
2019-05-15,84.43685714
2019-05-16,76.56828571
2019-05-17,90.13028571
2019-05-18,47.25342857
2019-05-19,84.22228571
2019-05-20,90.16971429
2019-05-21,75.93485714
2019-05-22,65.99942857
2019-05-23,91.146
2019-05-24,45.99085714
2019-05-25,43.194
2019-05-26,56.20542857
2019-05-27,64.84285714
2019-05-28,65.96542857
2019-05-29,75.97911765
2019-05-30,85.19228571
2019-05-31,89.10764706
2019-06-01,94.73382353
2019-06-02,73.29470588
2019-06-03,65.50588235
2019-06-04,56.91323529
2019-06-05,74.08058824
2019-06-06,69.41176471
2019-06-07,55.49176471
2019-06-08,71.45117647
2019-06-09,100.2135294
2019-06-10,74.41705882
2019-06-11,116.8711765
2019-06-12,59.19382353
2019-06-13,52.38027778
2019-06-14,55.51416667
2019-06-15,81.41305556
2019-06-16,41.93885714
2019-06-17,40.58527778
2019-06-18,38.11388889
2019-06-19,78.03222222
2019-06-20,44.81972222
2019-06-21,71.05114286
2019-06-22,68.72971429
2019-06-23,40.60138889
2019-06-24,28.08611111
2019-06-25,55.86888889
2019-06-26,68.14055556
2019-06-27,66.12222222
2019-06-28,60.95666667
2019-06-29,59.57694444
2019-06-30,64.202
2019-07-01,57.59194444
2019-07-02,72.13916667
2019-07-03,39.53083333
2019-07-04,38.965
2019-07-05,48.06277778
2019-07-06,54.5825
2019-07-07,40.59823529
2019-07-08,49.26833333
2019-07-09,42.42166667
2019-07-10,71.12944444
2019-07-11,76.18361111
2019-07-12,76.83888889
2019-07-13,62.37333333
2019-07-14,62.36916667
2019-07-15,42.53416667
2019-07-16,31.30972222
2019-07-17,33.06638889
2019-07-18,32.92277778
2019-07-19,63.89444444
2019-07-20,46.74333333
2019-07-21,51.188
2019-07-22,60.14027778
2019-07-23,72.35333333
2019-07-24,61.30666667
2019-07-25,23.49166667
2019-07-26,30.24888889
2019-07-27,26.74888889
2019-07-28,21.1025
2019-07-29,24.71416667
2019-07-30,30.30388889
2019-07-31,30.46694444
2019-08-01,34.2975
2019-08-02,34.74527778
2019-08-03,38.96638889
2019-08-04,47.34111111
2019-08-05,53.4
2019-08-06,30.72055556
2019-08-07,32.808
2019-08-08,28.26028571
2019-08-09,14.35742857
2019-08-10,18.13914286
2019-08-11,25.49676471
2019-08-12,21.10714286
2019-08-13,22.33228571
2019-08-14,36.35882353
2019-08-15,27.64272727
2019-08-16,15.86771429
2019-08-17,10.02285714
2019-08-18,17.03085714
2019-08-19,38.812
2019-08-20,41.84794118
2019-08-21,47.49323529
2019-08-22,44.58294118
2019-08-23,50.865
2019-08-24,64.47558824
2019-08-25,33.40121212
2019-08-26,26.23176471
2019-08-27,41.71
2019-08-28,41.70970588
2019-08-29,33.98941176
2019-08-30,51.34205882
2019-08-31,57.41117647
2019-09-01,33.09333333
2019-09-02,48.285
2019-09-03,71.57205882
2019-09-04,71.83588235
2019-09-05,34.11470588
2019-09-06,47.56470588
2019-09-07,34.60571429
2019-09-08,34.03171429
2019-09-09,56.40028571
2019-09-10,65.78371429
2019-09-11,80.30228571
2019-09-12,55.756
2019-09-13,32.89485714
2019-09-14,26.92285714
2019-09-15,37.27485714
2019-09-16,58.90085714
2019-09-17,58.07617647
2019-09-18,34.66971429
2019-09-19,22.41228571
2019-09-20,41.458
2019-09-21,39.03771429
2019-09-22,28.05085714
2019-09-23,35.07457143
2019-09-24,36.02514286
2019-09-25,30.59685714
2019-09-26,22.73685714
2019-09-27,15.95852941
2019-09-28,22.44342857
2019-09-29,17.26428571
2019-09-30,30.99714286
2019-10-01,34.06194444
2019-10-02,41.39277778
2019-10-03,57.335
2019-10-04,44.15027778
2019-10-05,40.34305556
2019-10-06,58.89888889
2019-10-07,54.3625
2019-10-08,47.09861111
2019-10-09,77.08305556
2019-10-10,101.9394444
2019-10-11,98.03361111
2019-10-12,104.5086111
2019-10-13,131.9488889
2019-10-14,116.6802778
2019-10-15,134.1844444
2019-10-16,144.422
2019-10-17,121.5071429
2019-10-18,85.79777778
2019-10-19,81.57444444
2019-10-20,96.83457143
2019-10-21,112.3752778
2019-10-22,93.43833333
2019-10-23,124.1463889
2019-10-24,173.1086111
2019-10-25,128.9316667
2019-10-26,151.3888889
2019-10-27,201.4991667
2019-10-28,278.3616667
2019-10-29,289.4258333
2019-10-30,278.6011111
2019-10-31,319.1780556
2019-11-01,378.6541667
2019-11-02,334.7602778
2019-11-03,546.3161111
2019-11-04,269.4091667
2019-11-05,188.3686111
2019-11-06,102.2777778
2019-11-07,185.0419444
2019-11-08,153.4536111
2019-11-09,141.5194444
2019-11-10,195.4308333
2019-11-11,254.8677778
2019-11-12,387.6738889
2019-11-13,384.2830556
2019-11-14,371.5044444
2019-11-15,423.8375
2019-11-16,170.5188889
2019-11-17,97.04444444
2019-11-18,105.6497222
2019-11-19,130.3158333
2019-11-20,180.1952778
2019-11-21,217.6527778
2019-11-22,201.4677778
2019-11-23,127.5663889
2019-11-24,109.2175
2019-11-25,123.9583333
2019-11-26,110.2722222
2019-11-27,66.96222222
2019-11-28,32.28138889
2019-11-29,56.6725
2019-11-30,99.5775
2019-12-01,125.6633333
2019-12-02,142.8605714
2019-12-03,142.9344444
2019-12-04,166.8327778
2019-12-05,275.6052778
2019-12-06,241.8955556
2019-12-07,235.0511111
2019-12-08,239.0216667
2019-12-09,202.9675
2019-12-10,241.3833333
2019-12-11,304.1338889
2019-12-12,276.3880556
2019-12-13,94.18333333
2019-12-14,81.55457143
2019-12-15,95.52142857
2019-12-16,88.77
2019-12-17,100.1285714
2019-12-18,147.1728571
2019-12-19,269.386
2019-12-20,320.6885714
2019-12-21,246.6142857
2019-12-22,146.3434286
2019-12-23,176.998
2019-12-24,268.6782857
2019-12-25,162.6654286
2019-12-26,199.6294286
2019-12-27,245.9226471
2019-12-28,279.2888235
2019-12-29,329.6652941
2019-12-30,327.6367647
2019-12-31,260.1571429
2020-01-01,373.0051429
2020-01-02,320.066
2020-01-03,229.3045714
2020-01-04,219.9637143
2020-01-05,170.9957143
2020-01-06,157.05
2020-01-07,122.4431429
2020-01-08,118.2257143
2020-01-09,93.31114286
2020-01-10,134.3448571
2020-01-11,155.3954286
2020-01-12,213.3331429
2020-01-13,213.7654286
2020-01-14,114.3777143
2020-01-15,114.3954286
2020-01-16,140.4622857
2020-01-17,108.3171429
2020-01-18,127.8857143
2020-01-19,125.2288571
2020-01-20,148.6117143
2020-01-21,227.2482857
2020-01-22,193.364
2020-01-23,74.33171429
2020-01-24,84.81114286
2020-01-25,142.7322857
2020-01-26,202.4417143
2020-01-27,206.2794286
2020-01-28,106.5694286
2020-01-29,79.85314286
2020-01-30,91.06171429
2020-01-31,94.25285714
2020-02-01,113.0768571
2020-02-02,124.7365714
2020-02-03,142.2711429
2020-02-04,189.2668571
2020-02-05,148.9771429
2020-02-06,124.9591429
2020-02-07,151.0585714
2020-02-08,151.6877143
2020-02-09,156.1244118
2020-02-10,173.4334286
2020-02-11,177.4228571
2020-02-12,170.0411429
2020-02-13,95.10657143
2020-02-14,75.63
2020-02-15,86.72542857
2020-02-16,137.5145714
2020-02-17,161.552
2020-02-18,129.2705714
2020-02-19,134.6971429
2020-02-20,100.082
2020-02-21,52.31685714
2020-02-22,68.81714286
2020-02-23,102.3268571
2020-02-24,73.86542857
2020-02-25,130.68
2020-02-26,144.6285714
2020-02-27,106.2717143
2020-02-28,82.13171429
2020-02-29,59.20028571
2020-03-01,47.01571429
2020-03-02,100.5462857
2020-03-03,86.25
2020-03-04,81.788
2020-03-05,32.494
2020-03-06,22.30371429
2020-03-07,44.95764706
2020-03-08,72.11264706
2020-03-09,63.11657143
2020-03-10,84.02057143
2020-03-11,55.564
2020-03-12,59.56485714
2020-03-13,67.12628571
2020-03-14,40.42885714
2020-03-15,63.05088235
2020-03-16,63.70771429
2020-03-17,72.20235294
2020-03-18,69.06857143
2020-03-19,92.31514286
2020-03-20,92.32028571
2020-03-21,84.24257143
2020-03-22,75.54942857
2020-03-23,55.00352941
2020-03-24,55.49352941
2020-03-25,38.64588235
2020-03-26,44.82181818
2020-03-27,25.84735294
2020-03-28,22.046875
2020-03-29,27.1271875
2020-03-30,35.4021875
2020-03-31,34.31818182
2020-04-01,32.290625
2020-04-02,27.563
2020-04-03,32.31766667
2020-04-04,40.42266667
2020-04-05,52.189
2020-04-06,57.814
2020-04-07,30.4369697
2020-04-08,29.10625
2020-04-09,36.24090909
2020-04-10,57.20666667
2020-04-11,50.6530303
2020-04-12,40.08454545
2020-04-13,60.919375
2020-04-14,58.19454545
2020-04-15,60.66
2020-04-16,68.531875
2020-04-17,27.2103125
2020-04-18,29.71666667
2020-04-19,42.8830303
2020-04-20,52.08057143
2020-04-21,41.365
2020-04-22,59.13028571
2020-04-23,55.326
2020-04-24,67.45857143
2020-04-25,35.36457143
2020-04-26,40.57117647
2020-04-27,33.045
2020-04-28,43.3190625
2020-04-29,53.4371875
2020-04-30,50.41685714
2020-05-01,60.38558824
2020-05-02,35.35454545
2020-05-03,32.763125
2020-05-04,30.5059375
2020-05-05,56.44633333
2020-05-06,58.8609375
2020-05-07,38.60606061
2020-05-08,52.55515152
2020-05-09,53.37903226
2020-05-10,43.69586207
2020-05-11,48.4730303
2020-05-12,43.58
2020-05-13,68.34
2020-05-14,55.15363636
2020-05-15,52.66558824
2020-05-16,79.75911765
2020-05-17,96.00424242
2020-05-18,97.46852941
2020-05-19,106.9282353
2020-05-20,66.42941176
2020-05-21,56.56647059
2020-05-22,95.84764706
2020-05-23,71.02
2020-05-24,55.70588235
2020-05-25,61.88029412
2020-05-26,53.64457143
2020-05-27,42.12885714
2020-05-28,38.83457143
2020-05-29,25.168
2020-05-30,24.01914286
2020-05-31,21.96117647
2020-06-01,43.92685714
2020-06-02,44.72228571
2020-06-03,51.25971429
2020-06-04,69.06171429
2020-06-05,43.36314286
2020-06-06,35.62228571
2020-06-07,40.30171429
2020-06-08,48.758
2020-06-09,64.72942857
2020-06-10,58.86
2020-06-11,57.25147059
2020-06-12,63.75742857
2020-06-13,52.67617647
2020-06-14,69.74676471
2020-06-15,48.55088235
2020-06-16,39.31428571
2020-06-17,33.66857143
2020-06-18,37.63114286
2020-06-19,57.04942857
2020-06-20,35.26628571
2020-06-21,40.25088235
2020-06-22,41.12857143
2020-06-23,28.23914286
2020-06-24,31.44371429
2020-06-25,39.126
2020-06-26,50.50457143
2020-06-27,40.75117647
2020-06-28,60.19060606
2020-06-29,42.61911765
2020-06-30,41.02382353
2020-07-01,51.64470588
2020-07-02,62.88882353
2020-07-03,63.44914286
2020-07-04,45.83257143
2020-07-05,32.66771429
2020-07-06,46.55571429
2020-07-07,20.81114286
2020-07-08,26.97571429
2020-07-09,36.34771429
2020-07-10,26.33885714
2020-07-11,21.868
2020-07-12,21.98117647
2020-07-13,32.62857143
2020-07-14,41.61882353
2020-07-15,39.655
2020-07-16,31.28823529
2020-07-17,43.87714286
2020-07-18,38.98470588
2020-07-19,25.28181818
2020-07-20,20.685
2020-07-21,23.16058824
2020-07-22,22.50735294
2020-07-23,34.09735294
2020-07-24,43.29647059
2020-07-25,30.34588235
2020-07-26,41.40121212
2020-07-27,34.76735294
2020-07-28,24.26588235
2020-07-29,24.65911765
2020-07-30,18.83029412
2020-07-31,39.31058824
2020-08-01,32.25735294
2020-08-02,22.53705882
2020-08-03,24.04352941
2020-08-04,24.48029412
2020-08-05,38.96235294
2020-08-06,17.86705882
2020-08-07,24.14735294
2020-08-08,47.43941176
2020-08-09,31.07264706
2020-08-10,31.98757576
2020-08-11,40.69636364
2020-08-12,23.18969697
2020-08-13,16.39878788
2020-08-14,21.51848485
2020-08-15,30.56354839
2020-08-16,22.11333333
2020-08-17,28.75470588
2020-08-18,28.50515152
2020-08-19,22.66142857
2020-08-20,20.82771429
2020-08-21,19.81441176
2020-08-22,15.08294118
2020-08-23,16.4128125
2020-08-24,15.03088235
2020-08-25,17.49228571
2020-08-26,16.02257143
2020-08-27,19.42542857
2020-08-28,30.02828571
2020-08-29,36.33685714
2020-08-30,19.07969697
2020-08-31,11.71029412
2020-09-01,16.37294118
2020-09-02,22.12969697
2020-09-03,33.66542857
2020-09-04,36.78114286
2020-09-05,35.00393939
2020-09-06,28.30529412
2020-09-07,52.11941176
2020-09-08,31.74529412
2020-09-09,48.15914286
2020-09-10,48.49628571
2020-09-11,55.16628571
2020-09-12,60.15588235
2020-09-13,67.03714286
2020-09-14,68.61428571
2020-09-15,62.98228571
2020-09-16,62.56457143
2020-09-17,45.49914286
2020-09-18,38.78485714
2020-09-19,52.618
2020-09-20,65.41114286
2020-09-21,58.69657143
2020-09-22,38.498
2020-09-23,25.28628571
2020-09-24,39.51228571
2020-09-25,54.052
2020-09-26,58.21657143
2020-09-27,36.42028571
2020-09-28,61.29228571
2020-09-29,66.36142857
2020-09-30,55.44028571
2020-10-01,59.59142857
2020-10-02,73.51294118
2020-10-03,75.618
2020-10-04,75.17628571
2020-10-05,68.232
2020-10-06,75.04085714
2020-10-07,93.72057143
2020-10-08,83.75714286
2020-10-09,87.25314286
2020-10-10,93.10142857
2020-10-11,94.76628571
2020-10-12,130.4876471
2020-10-13,133.2714706
2020-10-14,131.6664706
2020-10-15,142.078
2020-10-16,112.8797143
2020-10-17,134.1982353
2020-10-18,106.1171429
2020-10-19,111.0511429
2020-10-20,108.0551429
2020-10-21,116.9594118
2020-10-22,166.942
2020-10-23,215.8052941
2020-10-24,192.6729412
2020-10-25,198.2335294
2020-10-26,186.6847059
2020-10-27,162.7811765
2020-10-28,185.5838235
2020-10-29,240.3664706
2020-10-30,214.0788235
2020-10-31,249.7117143
2020-11-01,241.2277143
2020-11-02,163.8279412
2020-11-03,142.2785714
2020-11-04,312.6258824
2020-11-05,276.1308824
2020-11-06,260.1523529
2020-11-07,320.8214706
2020-11-08,340.1288571
2020-11-09,521.7629412
2020-11-10,448.5811429
2020-11-11,185.2408824
2020-11-12,181.0648571
2020-11-13,211.3154286
2020-11-14,404.342
2020-11-15,289.1842857
2020-11-16,85.404
2020-11-17,79.49542857
2020-11-18,114.25
2020-11-19,143.3825714
2020-11-20,152.8308571
2020-11-21,121.7911429
2020-11-22,142.6235294
2020-11-23,185.8168571
2020-11-24,251.9088571
2020-11-25,280.2334286
2020-11-26,106.928
2020-11-27,76.88228571
2020-11-28,115.0711429
2020-11-29,133.9974286
2020-11-30,180.6965714
2020-12-01,233.8702857
2020-12-02,203.8374286
2020-12-03,190.5265714
2020-12-04,262.7945714
2020-12-05,253.9668571
2020-12-06,245.1785714
2020-12-07,265.6948571
2020-12-08,219.4442857
2020-12-09,202.0045714
2020-12-10,132.3805714
2020-12-11,161.38
2020-12-12,235.046
2020-12-13,107.1154286
2020-12-14,85.73114286
2020-12-15,120.2825714
2020-12-16,117.6148571
2020-12-17,135.2131429
2020-12-18,134.9034286
2020-12-19,157.7757143
2020-12-20,178.0105714
2020-12-21,196.6522857
2020-12-22,324.0868571
2020-12-23,340.5171429
2020-12-24,302.7661765
2020-12-25,199.6225714
2020-12-26,221.4177143
2020-12-27,248.4102857
2020-12-28,97.23857143
2020-12-29,128.6157143
2020-12-30,157.0662857
2020-12-31,232.2037143
2021-01-01,396.0825714
2021-01-02,316.924
2021-01-03,157.3554286
2021-01-04,87.41542857
2021-01-05,69.05142857
2021-01-06,128.0320588
2021-01-07,109.5
2021-01-08,141.0544118
2021-01-09,137.6785294
2021-01-10,117.6614706
2021-01-11,120.4885714
2021-01-12,171.822
2021-01-13,231.12
2021-01-14,377.2634286
2021-01-15,419.8837143
2021-01-16,234.728
2021-01-17,215.082
2021-01-18,227.9054286
2021-01-19,245.948
2021-01-20,134.2331429
2021-01-21,153.8928571
2021-01-22,249.8694286
2021-01-23,166.4562857
2021-01-24,221.6876471
2021-01-25,167.2648571
2021-01-26,176.1131429
2021-01-27,173.0926471
2021-01-28,260.1425714
2021-01-29,210.8305714
2021-01-30,156.49
2021-01-31,182.11
2021-02-01,232.3171429
2021-02-02,227.694
2021-02-03,168.8991429
2021-02-04,135.7771429
2021-02-05,71.24114286
2021-02-06,99.15457143
2021-02-07,137.81
2021-02-08,179.0897143
2021-02-09,186.4077143
2021-02-10,177.2588571
2021-02-11,180.18
2021-02-12,221.6374286
2021-02-13,181.0654286
2021-02-14,186.9655882
2021-02-15,163.2037143
2021-02-16,171.7351429
2021-02-17,166.0985714
2021-02-18,157.0122857
2021-02-19,164.1051429
2021-02-20,116.2454286
2021-02-21,166.3637143
2021-02-22,138.6402857
2021-02-23,124.0985294
2021-02-24,149.8988235
2021-02-25,140.9835294
2021-02-26,106.9091429
2021-02-27,70.34428571
2021-02-28,76.77485714
2021-03-01,72.70942857
2021-03-02,67.58771429
2021-03-03,100.2944118
2021-03-04,136.0958824
2021-03-05,108.0474286
2021-03-06,101.6326471
2021-03-07,118.1511429
2021-03-08,101.8025714
2021-03-09,123.9757143
2021-03-10,70.58571429
2021-03-11,114.8130303
2021-03-12,74.12060606
2021-03-13,107.9802941
2021-03-14,95.58764706
2021-03-15,100.3814706
2021-03-16,117.9632353
2021-03-17,117.055
2021-03-18,125.4339394
2021-03-19,101.5705882
2021-03-20,112.4338235
2021-03-21,111.8512121
2021-03-22,73.42941176
2021-03-23,69.57735294
2021-03-24,68.82151515
2021-03-25,54.49
2021-03-26,74.18088235
2021-03-27,100.5027273
2021-03-28,108.7054545
2021-03-29,79.31857143
2021-03-30,97.16939394
2021-03-31,53.80606061
2021-04-01,48.82058824
2021-04-02,65.71705882
2021-04-03,64.23058824
2021-04-04,77.36764706
2021-04-05,89.60588235
2021-04-06,123.1373529
2021-04-07,72.54735294
2021-04-08,56.01294118
2021-04-09,62.24676471
2021-04-10,66.84441176
2021-04-11,77.36176471
2021-04-12,105.3694118
2021-04-13,95.57617647
2021-04-14,67.04441176
2021-04-15,81.61941176
2021-04-16,90.07058824
2021-04-17,45.53774194
2021-04-18,69.5069697
2021-04-19,80.38823529
2021-04-20,68.64176471
2021-04-21,51.39323529
2021-04-22,48.23088235
2021-04-23,43.26484848
2021-04-24,48.17264706
2021-04-25,93.60676471
2021-04-26,155.01
2021-04-27,164.8697059
2021-04-28,189.395
2021-04-29,154.7952941
2021-04-30,116.2193939
2021-05-01,72.37030303
2021-05-02,68.74606061
2021-05-03,88.54727273
2021-05-04,66.61911765
2021-05-05,67.29205882
2021-05-06,57.385
2021-05-07,59.3178125
2021-05-08,71.7196875
2021-05-09,55.55666667
2021-05-10,53.11382353
2021-05-11,56.09264706
2021-05-12,41.11323529
2021-05-13,37.53382353
2021-05-14,46.07441176
2021-05-15,47.52264706
2021-05-16,64.92470588
2021-05-17,82.47606061
2021-05-18,24.71939394
2021-05-19,35.09757576
2021-05-20,40.99151515
2021-05-21,31.47484848
2021-05-22,32.62060606
2021-05-23,151.1890909
2021-05-24,56.16484848
2021-05-25,45.415625
2021-05-26,57.44096774
2021-05-27,54.12935484
2021-05-28,31.1328125
2021-05-29,21.16
2021-05-30,27.18125
2021-05-31,44.3915625
2021-06-01,35.7353125
2021-06-02,52.865
2021-06-03,75.61606061
2021-06-04,75.19545455
2021-06-05,45.4728125
2021-06-06,49.3534375
2021-06-07,69.270625
2021-06-08,85.01636364
2021-06-09,65.51909091
2021-06-10,59.19242424
2021-06-11,45.24393939
2021-06-12,35.27606061
2021-06-13,37.25794118
2021-06-14,38.65235294
2021-06-15,34.29117647
2021-06-16,37.23970588
2021-06-17,45.81264706
2021-06-18,27.58941176
2021-06-19,27.02764706
2021-06-20,24.69117647
2021-06-21,37.48617647
2021-06-22,50.60970588
2021-06-23,79.65333333
2021-06-24,52.09181818
2021-06-25,57.24636364
2021-06-26,44.99909091
2021-06-27,75.52757576
2021-06-28,67.5069697
2021-06-29,77.43939394
2021-06-30,69.21727273
2021-07-01,49.69878788
2021-07-02,57.5734375
2021-07-03,38.89757576
2021-07-04,58.38625
2021-07-05,51.48
2021-07-06,47.4303125
2021-07-07,51.6240625
2021-07-08,48.31735294
2021-07-09,45.41735294
2021-07-10,33.22794118
2021-07-11,42.60941176
2021-07-12,32.15294118
2021-07-13,29.74484848
2021-07-14,34.49205882
2021-07-15,42.10090909
2021-07-16,43.39941176
2021-07-17,50.83764706
2021-07-18,33.11676471
2021-07-19,17.61484848
2021-07-20,34.79852941
2021-07-21,39.32
2021-07-22,26.49205882
2021-07-23,33.59470588
2021-07-24,45.77441176
2021-07-25,39.58117647
2021-07-26,49.79117647
2021-07-27,37.74970588
2021-07-28,20.66
2021-07-29,25.97264706
2021-07-30,33.70764706
2021-07-31,26.25558824
2021-08-01,33.59371429
2021-08-02,42.95171429
2021-08-03,28.624
2021-08-04,25.78942857
2021-08-05,39.126
2021-08-06,46.40885714
2021-08-07,45.61285714
2021-08-08,47.58771429
2021-08-09,52.45428571
2021-08-10,41.26657143
2021-08-11,32.92628571
2021-08-12,32.71088235
2021-08-13,33.108
2021-08-14,32.12228571
2021-08-15,33.06029412
2021-08-16,37.88485714
2021-08-17,51.36657143
2021-08-18,61.19
2021-08-19,76.70971429
2021-08-20,38.54142857
2021-08-21,24.09371429
2021-08-22,33.66914286
2021-08-23,36.568
2021-08-24,48.13314286
2021-08-25,36.15914286
2021-08-26,32.84571429
2021-08-27,44.71485714
2021-08-28,48.76428571
2021-08-29,53.09942857
2021-08-30,25.41485714
2021-08-31,23.02971429
2021-09-01,24.03857143
2021-09-02,29.85828571
2021-09-03,26.546
2021-09-04,29.05571429
2021-09-05,42.24029412
2021-09-06,53.34314286
2021-09-07,41.67485714
2021-09-08,23.88617647
2021-09-09,31.51529412
2021-09-10,33.52371429
2021-09-11,20.77342857
2021-09-12,29.45257143
2021-09-13,37.79428571
2021-09-14,26.81771429
2021-09-15,20.24342857
2021-09-16,24.60857143
2021-09-17,24.17342857
2021-09-18,32.11264706
2021-09-19,31.865
2021-09-20,30.97
2021-09-21,31.42514286
2021-09-22,27.936
2021-09-23,25.84142857
2021-09-24,26.35228571
2021-09-25,35.00228571
2021-09-26,37.53828571
2021-09-27,54.968
2021-09-28,46.344
2021-09-29,31.77771429
2021-09-30,36.29228571
2021-10-01,51.366
2021-10-02,55.884
2021-10-03,37.20657143
2021-10-04,31.41971429
2021-10-05,40.50571429
2021-10-06,49.20285714
2021-10-07,65.53314286
2021-10-08,71.70742857
2021-10-09,67.45485714
2021-10-10,64.66971429
2021-10-11,66.44085714
2021-10-12,70.64571429
2021-10-13,77.98542857
2021-10-14,75.94428571
2021-10-15,92.44285714
2021-10-16,160.6639394
2021-10-17,118.5568571
2021-10-18,18.58
2021-10-19,53.85542857
2021-10-20,99.36142857
2021-10-21,72.38285714
2021-10-22,56.56314286
2021-10-23,65.88371429
2021-10-24,65.59617647
2021-10-25,42.08970588
2021-10-26,70.33805556
2021-10-27,108.7869444
2021-10-28,122.3894444
2021-10-29,127.2138889
2021-10-30,109.9972222
2021-10-31,129.0236111
2021-11-01,142.7336111
2021-11-02,138.7716667
2021-11-03,167.1502778
2021-11-04,326.2058333
2021-11-05,409.0066667
2021-11-06,321.445
2021-11-07,266.7983333
2021-11-08,256.4605556
2021-11-09,268.7845714
2021-11-10,233.1797222
2021-11-11,310.2422222
2021-11-12,389.4011111
2021-11-13,264.3494444
2021-11-14,186.4455556
2021-11-15,212.3588889
2021-11-16,258.4438889
2021-11-17,219.0144444
2021-11-18,220.5261111
2021-11-19,236.6297222
2021-11-20,225.8163889
2021-11-21,190.4338889
2021-11-22,140.2591667
2021-11-23,152.0558333
2021-11-24,232.71
2021-11-25,264.9330556
2021-11-26,279.4074286
2021-11-27,257.9202941
2021-11-28,277.0111429
2021-11-29,217.6725714
2021-11-30,177.4558333
2021-12-01,254.6661111
2021-12-02,265.5208333
2021-12-03,203.5633333
2021-12-04,172.6027778
2021-12-05,185.1488889
2021-12-06,143.9333333
2021-12-07,110.6652778
2021-12-08,116.3627778
2021-12-09,159.9638889
2021-12-10,151.1519444
2021-12-11,122.8638889
2021-12-12,145.3833333
2021-12-13,211.4238889
2021-12-14,234.5766667
2021-12-15,196.0155556
2021-12-16,223.9783333
2021-12-17,154.9686111
2021-12-18,142.4797222
2021-12-19,147.6586111
2021-12-20,198.3905556
2021-12-21,300.7202778
2021-12-22,315.7166667
2021-12-23,362.5566667
2021-12-24,300.9502778
2021-12-25,370.6152778
2021-12-26,376.715
2021-12-27,121.435
2021-12-28,152.0511111
2021-12-29,137.9313889
2021-12-30,167.2738889
2021-12-31,186.5102778
2022-01-01,244.4391667
2022-01-02,268.24
2022-01-03,251.4580556
2022-01-04,221.2066667
2022-01-05,276.7186111
2022-01-06,109.3722222
2022-01-07,70.65722222
2022-01-08,46.55388889
2022-01-09,44.22388889
2022-01-10,91.32666667
2022-01-11,95.10305556
2022-01-12,110.8127778
2022-01-13,205.9513889
2022-01-14,189.326
2022-01-15,121.9162857
2022-01-16,141.5747059
2022-01-17,178.7888235
2022-01-18,182.3176471
2022-01-19,188.6465714
2022-01-20,244.3228571
2022-01-21,203.2216667
2022-01-22,131.2872222
2022-01-23,112.4897222
2022-01-24,119.4086111
2022-01-25,125.4588889
2022-01-26,132.7125
2022-01-27,123.7322222
2022-01-28,112.0147222
2022-01-29,125.8066667
2022-01-30,143.0205556
2022-01-31,215.6775
2022-02-01,203.6505556
2022-02-02,161.6922222
2022-02-03,143.46
2022-02-04,62.38777778
2022-02-05,129.0788889
2022-02-06,164.3058333
2022-02-07,123.7766667
2022-02-08,147.3047222
2022-02-09,93.72805556
2022-02-10,80.4775
2022-02-11,85.67472222
2022-02-12,90.51444444
2022-02-13,130.1822857
2022-02-14,117.0974286
2022-02-15,104.2644444
2022-02-16,141.7094444
2022-02-17,114.4352778
2022-02-18,115.9352778
2022-02-19,83.75171429
2022-02-20,80.85166667
2022-02-21,81.09111111
2022-02-22,98.62083333
2022-02-23,112.8325
2022-02-24,152.2116667
2022-02-25,128.2588889
2022-02-26,26.90527778
2022-02-27,43.88583333
2022-02-28,47.58722222
2022-03-01,85.65888889
2022-03-02,105.8044444
2022-03-03,83.10028571
2022-03-04,78.01388889
2022-03-05,57.94833333
2022-03-06,86.73971429
2022-03-07,124.7677778
2022-03-08,122.7263889
2022-03-09,70.42777778
2022-03-10,65.10833333
2022-03-11,77.47611111
2022-03-12,74.05583333
2022-03-13,91.32972222
2022-03-14,119.2888889
2022-03-15,116.7597222
2022-03-16,92.58472222
2022-03-17,119.7544444
2022-03-18,138.97
2022-03-19,105.8627778
2022-03-20,102.3263889
2022-03-21,132.1258333
2022-03-22,81.17305556
2022-03-23,102.2405556
2022-03-24,115.8908333
2022-03-25,89.13444444
2022-03-26,85.03027778
2022-03-27,90.92885714
2022-03-28,102.8372222
2022-03-29,119.3252778
2022-03-30,126.3938889
2022-03-31,141.9941667
2022-04-01,75.72805556
2022-04-02,105.8538889
2022-04-03,103.9036111
2022-04-04,107.8138889
2022-04-05,102.8238889
2022-04-06,116.1302778
2022-04-07,125.7386111
2022-04-08,114.25
2022-04-09,112.3697222
2022-04-10,109.2525
2022-04-11,115.5016667
2022-04-12,94.63611111
2022-04-13,114.6455556
2022-04-14,75.92666667
2022-04-15,70.87885714
2022-04-16,102.3127778
2022-04-17,109.5169444
2022-04-18,110.9277143
2022-04-19,132.95
2022-04-20,95.74
2022-04-21,104.0158333
2022-04-22,65.21777778
2022-04-23,112.0302778
2022-04-24,122.0705556
2022-04-25,101.6802778
2022-04-26,82.14055556
2022-04-27,158.2625
2022-04-28,164.7638889
2022-04-29,151.3258333
2022-04-30,123.7472222
2022-05-01,90.59194444
2022-05-02,73.475
2022-05-03,98.74314286
2022-05-04,72.37861111
2022-05-05,71.91805556
2022-05-06,117.0572222
2022-05-07,87.35944444
2022-05-08,83.56371429
2022-05-09,66.04166667
2022-05-10,64.57555556
2022-05-11,61.70472222
2022-05-12,66.42111111
2022-05-13,76.41805556
2022-05-14,108.6665714
2022-05-15,100.0342857
2022-05-16,91.77944444
2022-05-17,68.31416667
2022-05-18,75.52611111
2022-05-19,87.10083333
2022-05-20,93.03444444
2022-05-21,74.98166667
2022-05-22,63.89833333
2022-05-23,30.82942857
2022-05-24,37.08972222
2022-05-25,92.78885714
2022-05-26,93.79371429
2022-05-27,84.63514286
2022-05-28,75.06914286
2022-05-29,71.50828571
2022-05-30,63.81028571
2022-05-31,95.97542857
2022-06-01,95.32972222
2022-06-02,74.83944444
2022-06-03,89.21194444
2022-06-04,81.74388889
2022-06-05,58.98264706
2022-06-06,53.31
2022-06-07,84.632
2022-06-08,75.64416667
2022-06-09,60.96416667
2022-06-10,72.33722222
2022-06-11,67.818
2022-06-12,73.03342857
2022-06-13,49.25828571
2022-06-14,54.03057143
2022-06-15,34.50742857
2022-06-16,34.13342857
2022-06-17,28.10542857
2022-06-18,34.66028571
2022-06-19,43.03571429
2022-06-20,54.93885714
2022-06-21,44.434
2022-06-22,51.52205882
2022-06-23,56.09571429
2022-06-24,71.78142857
2022-06-25,79.116
2022-06-26,64.31428571
2022-06-27,54.792
2022-06-28,75.06828571
2022-06-29,60.93
2022-06-30,37.64171429
2022-07-01,35.99457143
2022-07-02,42.57457143
2022-07-03,30.96828571
2022-07-04,64.31911765
2022-07-05,65.50294118
2022-07-06,51.41114286
2022-07-07,40.11142857
2022-07-08,37.12514286
2022-07-09,40.794
2022-07-10,32.962
2022-07-11,45.95257143
2022-07-12,42.33457143
2022-07-13,35.36514286
2022-07-14,31.08685714
2022-07-15,25.63257143
2022-07-16,24.56057143
2022-07-17,28.96314286
2022-07-18,43.61228571
2022-07-19,43.15057143
2022-07-20,34.13470588
2022-07-21,45.32485714
2022-07-22,56.61514286
2022-07-23,29.86942857
2022-07-24,24.85228571
2022-07-25,24.50971429
2022-07-26,28.23088235
2022-07-27,31.02028571
2022-07-28,22.15171429
2022-07-29,19.57085714
2022-07-30,22.45771429
2022-07-31,24.35029412
2022-08-01,25.98285714
2022-08-02,32.61314286
2022-08-03,48.76571429
2022-08-04,46.98714286
2022-08-05,38.716
2022-08-06,52.24028571
2022-08-07,46.862
2022-08-08,45.13171429
2022-08-09,41.67342857
2022-08-10,27.29828571
2022-08-11,17.96514286
2022-08-12,19.66085714
2022-08-13,27.60542857
2022-08-14,26.43
2022-08-15,19.23676471
2022-08-16,15.98914286
2022-08-17,13.59882353
2022-08-18,20.35371429
2022-08-19,18.35171429
2022-08-20,32.25888889
2022-08-21,47.13
2022-08-22,36.21057143
2022-08-23,25.34628571
2022-08-24,22.27857143
2022-08-25,36.24914286
2022-08-26,36.08428571
2022-08-27,31.96558824
2022-08-28,37.11457143
2022-08-29,40.15111111
2022-08-30,48.82777778
2022-08-31,44.20416667
2022-09-01,45.41888889
2022-09-02,45.97361111
2022-09-03,33.36277778
2022-09-04,26.62638889
2022-09-05,27.04083333
2022-09-06,40.32722222
2022-09-07,46.78777778
2022-09-08,64.19833333
2022-09-09,59.99305556
2022-09-10,49.66333333
2022-09-11,32.64944444
2022-09-12,27.40171429
2022-09-13,20.37628571
2022-09-14,17.73742857
2022-09-15,16.06212121
2022-09-16,16.24909091
2022-09-17,33.15575758
2022-09-18,47.04096774
2022-09-19,69.978
2022-09-20,49.34205882
2022-09-21,42.43352941
2022-09-22,25.97411765
2022-09-23,26.83970588
2022-09-24,23.48735294
2022-09-25,21.83617647
2022-09-26,47.46285714
2022-09-27,40.22257143
2022-09-28,54.77542857
2022-09-29,65.92114286
2022-09-30,80.08057143
2022-10-01,81.72371429
2022-10-02,69.51057143
2022-10-03,42.898
2022-10-04,63.20542857
2022-10-05,89.40942857
2022-10-06,17.09514286
2022-10-07,16.47029412
2022-10-08,14.61878788
2022-10-09,9.510588235
2022-10-10,15.10617647
2022-10-11,36.44514286
2022-10-12,62.97142857
2022-10-13,53.94428571
2022-10-14,73.28222222
2022-10-15,90.48861111
2022-10-16,106.2968571
2022-10-17,109.362
2022-10-18,110.3977143
2022-10-19,102.7114286
2022-10-20,111.9065714
2022-10-21,117.6305714
2022-10-22,123.134
2022-10-23,130.2952778
2022-10-24,175.4605556
2022-10-25,162.9394444
2022-10-26,142.86
2022-10-27,194.0366667
2022-10-28,223.7466667
2022-10-29,232.1697222
2022-10-30,212.3569444
2022-10-31,264.2688889
2022-11-01,249.4916667
2022-11-02,242.4422222
2022-11-03,406.2966667
2022-11-04,324.5708333
2022-11-05,193.1805556
2022-11-06,173.9074286
2022-11-07,194.6648571
2022-11-08,241.0542857
2022-11-09,106.5454286
2022-11-10,162.0875
2022-11-11,210.4922222
2022-11-12,187.9525
2022-11-13,161.41
2022-11-14,141.9363889
2022-11-15,102.7219444
2022-11-16,119.665
2022-11-17,141.2658333
2022-11-18,158.1925
2022-11-19,144.8348571
2022-11-20,174.1908571
2022-11-21,144.4580556
2022-11-22,114.2872222
2022-11-23,104.1771429
2022-11-24,108.7019444
2022-11-25,160.115
2022-11-26,184.7545714
2022-11-27,175.8432353
2022-11-28,200.2911429
2022-11-29,232.7066667
2022-11-30,208.7005556
2022-12-01,214.8377778
2022-12-02,202.1716667
2022-12-03,246.6269444
2022-12-04,249.3263889
2022-12-05,190.3419444
2022-12-06,184.7958333
2022-12-07,134.0216667
2022-12-08,144.4008333
2022-12-09,171.2494444
2022-12-10,212.5325
2022-12-11,134.6283333
2022-12-12,96.17222222
2022-12-13,71.29888889
2022-12-14,86.00472222
2022-12-15,90.06972222
2022-12-16,124.9755556
2022-12-17,172.2127778
2022-12-18,255.9248571
2022-12-19,261.0669444
2022-12-20,203.4086111
2022-12-21,190.4572222
2022-12-22,206.5847222
2022-12-23,203.8958333
2022-12-24,163.6247222
2022-12-25,169.305
2022-12-26,197.2027778
2022-12-27,166.21
2022-12-28,153.3627778
2022-12-29,198.0641667
2022-12-30,259.8375
2022-12-31,158.7041667
2023-01-01,142.4063889
2023-01-02,236.3402778
2023-01-03,243.7186111
2023-01-04,182.4358333
2023-01-05,210.5983333
2023-01-06,260.5744444
2023-01-07,231.74
2023-01-08,260.2608571
2023-01-09,381.1608333
2023-01-10,233.2597222
2023-01-11,178.3277778
2023-01-12,204.8955556
2023-01-13,217.2305556
2023-01-14,154.9816667
2023-01-15,99.08722222
2023-01-16,144.6002778
2023-01-17,152.9088889
2023-01-18,193.4022222
2023-01-19,199.9105714
2023-01-20,92.74861111
2023-01-21,211.5405556
2023-01-22,249.5244444
2023-01-23,168.6908333
2023-01-24,90.9325
2023-01-25,108.2025
2023-01-26,142.52
2023-01-27,93.87027778
2023-01-28,124.34
2023-01-29,190.8161111
2023-01-30,79.51371429
2023-01-31,83.225
2023-02-01,84.44444444
2023-02-02,86.1275
2023-02-03,105.2669444
2023-02-04,119.3552778
2023-02-05,106.3644444
2023-02-06,146.0269444
2023-02-07,118.8258333
2023-02-08,75.52
2023-02-09,92.90083333
2023-02-10,95.17
2023-02-11,138.4716667
2023-02-12,55.77833333
2023-02-13,48.48694444
2023-02-14,63.60944444
2023-02-15,92.65027778
2023-02-16,168.5741667
2023-02-17,228.5644444
2023-02-18,204.7833333
2023-02-19,182.3536111
2023-02-20,149.1644444
2023-02-21,126.3041667
2023-02-22,138.9747222
2023-02-23,83.45028571
2023-02-24,80.86833333
2023-02-25,115.5183333
2023-02-26,141.1128571
2023-02-27,119.7344444
2023-02-28,91.75333333
2023-03-01,74.3325
2023-03-02,92.36472222
2023-03-03,63.26666667
2023-03-04,56.78694444
2023-03-05,57.41583333
2023-03-06,68.26972222
2023-03-07,85.76
2023-03-08,113.4263889
2023-03-09,56.16972222
2023-03-10,91.85771429
2023-03-11,93.02944444
2023-03-12,99.45388889
2023-03-13,109.0519444
2023-03-14,102.5086111
2023-03-15,99.95611111
2023-03-16,104.5948571
2023-03-17,96.41228571
2023-03-18,70.36142857
2023-03-19,82.31857143
2023-03-20,59.61852941
2023-03-21,45.71441176
2023-03-22,77.53583333
2023-03-23,73.60222222
2023-03-24,88.29555556
2023-03-25,41.53222222
2023-03-26,67.16
2023-03-27,60.08833333
2023-03-28,69.62138889
2023-03-29,87.59277778
2023-03-30,72.5475
2023-03-31,31.14771429
2023-04-01,44.89166667
2023-04-02,60.85194444
2023-04-03,73.08416667
2023-04-04,47.04027778
2023-04-05,56.67888889
2023-04-06,44.852
2023-04-07,51.91027778
2023-04-08,72.79257143
2023-04-09,107.7773529
2023-04-10,92.75527778
2023-04-11,125.8191667
2023-04-12,81.40472222
2023-04-13,92.27027778
2023-04-14,102.5134286
2023-04-15,106.0025
2023-04-16,77.73722222
2023-04-17,74.65722222
2023-04-18,81.21111111
2023-04-19,64.10472222
2023-04-20,44.37472222
2023-04-21,43.00055556
2023-04-22,41.82333333
2023-04-23,27.35472222
2023-04-24,61.24833333
2023-04-25,57.44222222
2023-04-26,91.13027778
2023-04-27,82.15777778
2023-04-28,70.23555556
2023-04-29,75.74055556
2023-04-30,51.42166667
